Require all granted
RewriteEngine On

Redirect 301 /storytime/prag-2018 https://reisishot.pictures/reisen/prag-2018
Redirect 301 /storytime/zypern-2019 https://reisishot.pictures/reisen/zypern-2019
Redirect 301 /storytime/instawalk-attersee-2019 https://reisishot.pictures/reisen/instawalk-attersee-2019
Redirect 301 /tipps/gutes-model https://reisishot.pictures/storytime/model-101
Redirect 301 /tipps/guter-fotograf https://reisishot.pictures/storytime/fotograf-101
Redirect 301 /tipps/wie-schaut-ein-shooting-bei-mir-aus https://reisishot.pictures/storytime/shooting-101
Redirect 301 /tipps/bestes-fotobuch https://reisishot.pictures/storytime/bestes-fotobuch
Redirect 301 /tipps/bewusst-fotografieren https://reisishot.pictures/storytime/bewusst-fotografieren
Redirect 301 /models-wanted https://reisishot.pictures/storytime/models-gesucht

Redirect 301 /gallery/categories/2016/november/ https://reisishot.pictures/gallery/categories/2016/11/
Redirect 301 /gallery/categories/2017/Jänner/2/ https://reisishot.pictures/gallery/categories/2017/01/02/
Redirect 301 /gallery/categories/2017/Jänner/ https://reisishot.pictures/gallery/categories/2017/01/
Redirect 301 /gallery/categories/2018/Mai/5/ https://reisishot.pictures/gallery/categories/2018/05/05/
Redirect 301 /gallery/categories/2017/Mai/16/ https://reisishot.pictures/gallery/categories/2017/05/16/
Redirect 301 /gallery/categories/2018/Juni/4/ https://reisishot.pictures/gallery/categories/2018/06/04/
Redirect 301 /gallery/categories/2017/August/30/ https://reisishot.pictures/gallery/categories/2017/08/30/
Redirect 301 /gallery/categories/2017/August/ https://reisishot.pictures/gallery/categories/2017/08/
Redirect 301 /gallery/categories/2017/Juli/3/ https://reisishot.pictures/gallery/categories/2017/07/03/
Redirect 301 /gallery/categories/2019/Juni/8/ https://reisishot.pictures/gallery/categories/2019/06/08/
Redirect 301 /gallery/categories/2017/April/ https://reisishot.pictures/gallery/categories/2017/04/
Redirect 301 /gallery/categories/2018/August/29/ https://reisishot.pictures/gallery/categories/2018/08/29/
Redirect 301 /gallery/categories/2016/November/ https://reisishot.pictures/gallery/categories/2016/11/
Redirect 301 /gallery/categories/2018/Februar/ https://reisishot.pictures/gallery/categories/2018/02/
Redirect 301 /gallery/categories/2017/Mai/20/ https://reisishot.pictures/gallery/categories/2017/05/20/
Redirect 301 /gallery/categories/2017/Juni/ https://reisishot.pictures/gallery/categories/2017/06/
Redirect 301 /gallery/categories/2017/August/28/ https://reisishot.pictures/gallery/categories/2017/08/28/
Redirect 301 /gallery/categories/2016/Oktober/ https://reisishot.pictures/gallery/categories/2016/10/
Redirect 301 /gallery/categories/2017/August/25/ https://reisishot.pictures/gallery/categories/2017/08/25/
Redirect 301 /gallery/categories/2017/März/11/ https://reisishot.pictures/gallery/categories/2017/03/11/
Redirect 301 /gallery/categories/2017/Dezember/ https://reisishot.pictures/gallery/categories/2017/12/
Redirect 301 /gallery/categories/2019/Juli/ https://reisishot.pictures/gallery/categories/2019/07/
Redirect 301 /gallery/categories/2018/Dezember/11/ https://reisishot.pictures/gallery/categories/2018/12/11/
Redirect 301 /gallery/categories/2017/September/13/ https://reisishot.pictures/gallery/categories/2017/09/13/
Redirect 301 /gallery/categories/2019/April/27/ https://reisishot.pictures/gallery/categories/2019/04/27/
Redirect 301 /gallery/categories/2017/Mai/17/ https://reisishot.pictures/gallery/categories/2017/05/17/
Redirect 301 /gallery/categories/2019/Juli/6/ https://reisishot.pictures/gallery/categories/2019/07/06/
Redirect 301 /gallery/categories/2019/August/1/ https://reisishot.pictures/gallery/categories/2019/08/01/
Redirect 301 /gallery/categories/2018/Oktober/14/ https://reisishot.pictures/gallery/categories/2018/10/14/
Redirect 301 /gallery/categories/2019/Mai/26/ https://reisishot.pictures/gallery/categories/2019/05/26/
Redirect 301 /gallery/categories/2017/Februar/1/ https://reisishot.pictures/gallery/categories/2017/02/01/
Redirect 301 /gallery/categories/2018/Juni/15/ https://reisishot.pictures/gallery/categories/2018/06/15/
Redirect 301 /gallery/categories/2017/August/4/ https://reisishot.pictures/gallery/categories/2017/08/04/
Redirect 301 /gallery/categories/2017/Mai/23/ https://reisishot.pictures/gallery/categories/2017/05/23/
Redirect 301 /gallery/categories/2018/November/16/ https://reisishot.pictures/gallery/categories/2018/11/16/
Redirect 301 /gallery/categories/2019/August/ https://reisishot.pictures/gallery/categories/2019/08/
Redirect 301 /gallery/categories/2018/Juni/ https://reisishot.pictures/gallery/categories/2018/06/
Redirect 301 /gallery/categories/2018/April/ https://reisishot.pictures/gallery/categories/2018/04/
Redirect 301 /gallery/categories/2017/mai/ https://reisishot.pictures/gallery/categories/2017/05/
Redirect 301 /gallery/categories/2017/juli/ https://reisishot.pictures/gallery/categories/2017/07/
Redirect 301 /gallery/categories/2018/juli/ https://reisishot.pictures/gallery/categories/2018/07/
Redirect 301 /gallery/categories/2019/mai/ https://reisishot.pictures/gallery/categories/2019/05/
Redirect 301 /gallery/categories/2017/juni/ https://reisishot.pictures/gallery/categories/2017/06/
Redirect 301 /gallery/categories/2018/Mai/4/ https://reisishot.pictures/gallery/categories/2018/05/04/
Redirect 301 /gallery/categories/2019/Mai/ https://reisishot.pictures/gallery/categories/2019/05/
Redirect 301 /gallery/categories/2019/jänner/20 https://reisishot.pictures/gallery/categories/2019/01/20
Redirect 301 /gallery/tags/portfolio/ https://reisishot.pictures/gallery/tags/portfolio/
Redirect 301 /About-me/ https://reisishot.pictures/about-me/
Redirect 301 /gallery/categories/Personen/Männer/ https://reisishot.pictures/gallery/categories/personen/männer/
Redirect 301 /gallery/categories/Personen/Musiker/ https://reisishot.pictures/gallery/categories/personen/musiker/
Redirect 301 /gallery/categories/personen/tfp/ https://reisishot.pictures/gallery/categories/personen/tfp-shootings/
Redirect 301 /gallery/categories/Personen/TFP/ https://reisishot.pictures/gallery/categories/personen/tfp-shootings/
Redirect 301 /gallery/categories/portfolio/ https://reisishot.pictures
Redirect 301 /gallery/categories/tfp-shootings/ https://reisishot.pictures/gallery/categories/personen/tfp-shootings/
Redirect 301 /gallery/images/Anja07/ https://reisishot.pictures/gallery/images/anjah007/
Redirect 301 /gallery/images/Biene004/ https://reisishot.pictures/gallery/images/biene0004/
Redirect 301 /gallery/images/Blume0005/ https://reisishot.pictures/gallery/images/blume0005/
Redirect 301 /gallery/images/Blume0027/ https://reisishot.pictures/gallery/images/blume0027/
Redirect 301 /gallery/images/Blume0030/ https://reisishot.pictures/gallery/images/blume0030/
Redirect 301 /gallery/images/Blume0031/ https://reisishot.pictures/gallery/images/blume0031/
Redirect 301 /gallery/images/Blume0053/ https://reisishot.pictures/gallery/images/blume0053/
Redirect 301 /gallery/images/Blume0058/ https://reisishot.pictures/gallery/images/blume0058/
Redirect 301 /gallery/images/Blume0084/ https://reisishot.pictures/gallery/images/blume0084/
Redirect 301 /gallery/images/Blume0086/ https://reisishot.pictures/gallery/images/blume0086/
Redirect 301 /gallery/images/Blume0109/ https://reisishot.pictures/gallery/images/blume0109/
Redirect 301 /gallery/images/Blume0111/ https://reisishot.pictures/gallery/images/blume0111/
Redirect 301 /gallery/images/Frau01/ https://reisishot.pictures/gallery/images/frau01/
Redirect 301 /gallery/images/Frau03/ https://reisishot.pictures/gallery/images/frau03/
Redirect 301 /gallery/images/Insekt02/ https://reisishot.pictures/gallery/images/insekt002/
Redirect 301 /gallery/images/Katze001/ https://reisishot.pictures/gallery/images/katze001/
Redirect 301 /gallery/images/Lentos01/ https://reisishot.pictures/gallery/images/lentos01/
Redirect 301 /gallery/images/Passau02/ https://reisishot.pictures/gallery/images/passau002/
Redirect 301 /gallery/images/Passau03/ https://reisishot.pictures/gallery/images/passau003/
Redirect 301 /gallery/images/Passau04/ https://reisishot.pictures/gallery/images/passau004/
Redirect 301 /gallery/images/Pferd001/ https://reisishot.pictures/gallery/images/pferd001/
Redirect 301 /gallery/images/Raureif02/ https://reisishot.pictures/gallery/images/raureif02/
Redirect 301 /gallery/images/SarahB02/ https://reisishot.pictures/gallery/images/sarahb002/
Redirect 301 /gallery/images/SarahB07/ https://reisishot.pictures/gallery/images/sarahb007/
Redirect 301 /gallery/images/Vogel004/ https://reisishot.pictures/gallery/images/vogel004/
Redirect 301 /gallery/images/Vogel008/ https://reisishot.pictures/gallery/images/vogel008/
Redirect 301 /gallery/tags/Attersee/ https://reisishot.pictures/gallery/tags/attersee/
Redirect 301 /gallery/tags/Ebensee/ https://reisishot.pictures/gallery/tags/ebensee/
Redirect 301 /gallery/tags/Fotowalk/ https://reisishot.pictures/gallery/tags/fotowalk/
Redirect 301 /gallery/tags/Hornisse/ https://reisishot.pictures/gallery/tags/hornisse/
Redirect 301 /gallery/tags/Hund/ https://reisishot.pictures/gallery/tags/hund/
Redirect 301 "/gallery/tags/JKU Sommerfest/" https://reisishot.pictures/gallery/tags/jku-sommerfest/
Redirect 301 /gallery/tags/Mond/ https://reisishot.pictures/gallery/tags/mond/
Redirect 301 /gallery/tags/Passau/ https://reisishot.pictures/gallery/tags/passau/
Redirect 301 /gallery/tags/Pferd/ https://reisishot.pictures/gallery/tags/pferd/
Redirect 301 /gallery/tags/Salzburg/ https://reisishot.pictures/gallery/tags/salzburg/
Redirect 301 "/gallery/tags/TFP OÖ/" https://reisishot.pictures/gallery/tags/tfp-ooe/
Redirect 301 /gallery/tags/TFP-NÖ https://reisishot.pictures/gallery/tags/tfp-noe/
Redirect 301 /gallery/tags/Traunkirchen https://reisishot.pictures/gallery/tags/traunkirchen/
Redirect 301 /gallery/tags/Traunkirchen/ https://reisishot.pictures/gallery/tags/traunkirchen/
Redirect 301 /gallery/tags/Weihnachten/ https://reisishot.pictures/gallery/tags/weihnachten/
Redirect 301 /gallery/tags/Wespe/ https://reisishot.pictures/gallery/tags/wespe/
Redirect gone  "/picture/360/category/staedte/prag"
Redirect gone  "/picture/418/category/personen"
Redirect gone  "/picture/158/category/natur"
Redirect gone  "/picture/172/tags/natur"
Redirect gone  "/picture/198/category/nacht"
Redirect gone  "/picture/212/category/natur"
Redirect gone  "/picture/313/category/natur"
Redirect gone  "/picture/202/category/jahreszeiten"
Redirect gone  "/picture/147/tags/grashupfer"
Redirect gone  "/index/tags/william_rogers_perlmutter"
Redirect gone  "/picture/343/category/jahreszeiten/winter"
Redirect gone  "/picture/285/category/jahreszeiten/winter"
Redirect gone  "/picture/305/tags/schmetterling"
Redirect gone  "/index/category/tfp/undefined"
Redirect gone  "/picture/183/tags/wassertropfen"
Redirect gone  "/picture/275/tags/detailaufnahme"
Redirect gone  "/index/category/makro/start-75"
Redirect gone  "/picture/359/category/staedte"
Redirect gone  "/picture/267/category/natur"
Redirect gone  "/picture/412/category/natur"
Redirect gone  "/picture/113/category/nacht"
Redirect gone  "/picture/315/tags/tiergarten_schonbrunn"
Redirect gone  "/picture/477"
Redirect gone  "/picture/441/category/personen/frauen"
Redirect gone  "/picture/369/category/personen"
Redirect gone  "/picture/443/tags/christina_w"
Redirect gone  "/picture/500/category/staedte"
Redirect gone  "/picture/496/category/staedte"
Redirect gone  "/index/category/schwarz-weiss/start-25"
Redirect gone  "/picture/454/tags/hummel"
Redirect gone  "/picture/304/categories"
Redirect gone  "/index/tags/george_benoit"
Redirect gone  "/picture/107/category/staedte/wien"
Redirect gone  "/picture/110/category/staedte/wien"
Redirect gone  "/picture/268/tags/linz"
Redirect gone  "/picture/329/category/staedte"
Redirect gone  "/picture/293/categories"
Redirect gone  "/picture/114/category/nacht"
Redirect gone  "/picture/180/categories"
Redirect gone  "/picture/457/categories"
Redirect gone  "/index/category/personen/start-25"
Redirect gone  "/picture/419/categories"
Redirect gone  "/picture/223/categories"
Redirect gone  "/index/category/natur/tiere/start-25"
Redirect gone  "/picture/240/category/natur"
Redirect gone  "/picture/154/category/natur/tiere"
Redirect gone  "/picture/307/category/natur/tiere"
Redirect gone  "/picture/150/category/natur/tiere"
Redirect gone  "/index/tags/reptil"
Redirect gone  "/picture/321/tags/george_benoit"
Redirect gone  "/picture/155/categories"
Redirect gone  "/picture/366/category/staedte"
Redirect gone  "/picture/126/tags/detailaufnahme"
Redirect gone  "/picture/288/categories"
Redirect gone  "/index/category/staedte/graz"
Redirect gone  "/picture/96/category/staedte"
Redirect gone "/\{\{raw_image_url}}"
Redirect gone "/animal_ducks_01/"
Redirect gone "/animal_ducks_02/"
Redirect gone "/animal_ducks_03/"
Redirect gone "/animal_ducks_04/"
Redirect gone "/animal_ducks_05/"
Redirect gone "/animal_ducks_06/"
Redirect gone "/black-white/"
Redirect gone "/butterflies_3/"
Redirect gone "/cities/"
Redirect gone "/comments/feed/"
Redirect gone "/cropped-wide_logo-e1529322542993-png/"
Redirect gone "/fireworks/"
Redirect gone "/index.php?/categories"
Redirect gone "/index.php?/category/natur"
Redirect gone "/index.php?/category/natur/tiere"
Redirect gone "/index.php?/category/natur/tiere/insekten/bienen"
Redirect gone "/index.php?/category/natur/tiere/katzen"
Redirect gone "/index.php?/category/natur/tiere/zoo"
Redirect gone "/index.php?/page/tfp"
Redirect gone "/index.php?/tags/14-feuerwerk"
Redirect gone "/index.php?/tags/15-grashupfer"
Redirect gone "/index.php?/tags/21-beachvolleyball"
Redirect gone "/index.php?/tags/31-hornisse"
Redirect gone "/index.php?/tags/37-urfahranermarkt"
Redirect gone "/index.php?/tags/40-herbst"
Redirect gone "/index.php?/tags/5-biene"
Redirect gone "/index.php?/tags/9-blume"
Redirect gone "/index/categories/flat/start-100"
Redirect gone "/index/categories/flat/start-175"
Redirect gone "/index/categories/flat/start-240"
Redirect gone "/index/categories/flat/start-25"
Redirect gone "/index/categories/flat/start-250"
Redirect gone "/index/categories/flat/start-300"
Redirect gone "/index/categories/flat/start-50"
Redirect gone "/index/categories/flat/start-80"
Redirect gone "/index/category/50"
Redirect gone "/index/category/57"
Redirect gone "/index/category/58"
Redirect gone "/index/category/jahreszeiten"
Redirect gone "/index/category/jahreszeiten/winter"
Redirect gone "/index/category/makro"
Redirect gone "/index/category/menschen"
Redirect gone "/index/category/menschen/sport"
Redirect gone "/index/category/nacht/mond"
Redirect gone "/index/category/nacht/sonnenuntergaenge"
Redirect gone "/index/category/nacht/urfahranermarkt"
Redirect gone "/index/category/natur/blumen"
Redirect gone "/index/category/natur/blumen/start-25"
Redirect gone "/index/category/natur/start-125"
Redirect gone "/index/category/natur/start-160"
Redirect gone "/index/category/natur/start-25"
Redirect gone "/index/category/natur/start-75"
Redirect gone "/index/category/natur/tiere"
Redirect gone "/index/category/natur/tiere/hunde"
Redirect gone "/index/category/natur/tiere/insekten"
Redirect gone "/index/category/natur/tiere/insekten/bienen"
Redirect gone "/index/category/natur/tiere/insekten/grashuepfer"
Redirect gone "/index/category/natur/tiere/insekten/schmetterlinge"
Redirect gone "/index/category/natur/tiere/katzen"
Redirect gone "/index/category/natur/tiere/voegel"
Redirect gone "/index/category/personen"
Redirect gone "/index/category/personen/frauen"
Redirect gone "/index/category/personen/musiker"
Redirect gone "/index/category/personen/paare"
Redirect gone "/index/category/personen/sport/beachvolleyball"
Redirect gone "/index/category/personen/sport/floorball"
Redirect gone "/index/category/portfolio"
Redirect gone "/index/category/schwarzweiss"
Redirect gone "/index/category/schwarz-weiss"
Redirect gone "/index/category/staedte"
Redirect gone "/index/category/staedte/baden-bei-wien"
Redirect gone "/index/category/staedte/ebensee"
Redirect gone "/index/category/staedte/graz"
Redirect gone "/index/category/staedte/linz"
Redirect gone "/index/category/staedte/salzburg"
Redirect gone "/index/category/staedte/semmering"
Redirect gone "/index/category/staedte/start-25"
Redirect gone "/index/category/staedte/traunkirchen"
Redirect gone "/index/category/staedte/wien"
Redirect gone "/index/category/weitere"
Redirect gone "/index/contact/index/contact/"
Redirect gone "/index/index/category/jahreszeiten/start-%start%?rvts=%per%"
Redirect gone "/index/index/category/natur/start-%start%"
Redirect gone "/index/index/category/personen/start-%start%?rvts=%per%"
Redirect gone "/index/index/category/schwarz-weiss/start-%start%?rvts=%per%"
Redirect gone "/index/index/category/tfp/start-%start%"
Redirect gone "/index/index/category/tfp/start-%start%?rvts=%per%"
Redirect gone "/index/index/contact/"
Redirect gone "/index/index/page/guter-tfp-fotograf"
Redirect gone "/index/index/tags/blume/start-%start%"
Redirect gone "/index/index/tags/detailaufnahme/start-%start%"
Redirect gone "/index/index/tags/detailaufnahme/start-%start%?rvts=%per%"
Redirect gone "/index/index/tags/schwarz_weis/start-%start%"
Redirect gone "/index/index/tags/schwarz_weis/start-%start%?rvts=%per%"
Redirect gone "/index/index/tags/tfp_linz/start-%start%"
Redirect gone "/index/page/agb-1"
Redirect gone "/index/page/agb-2"
Redirect gone "/index/page/datenschutz"
Redirect gone "/index/page/guter-tfp-fotograf"
Redirect gone "/index/tags/14-feuerwerk"
Redirect gone "/index/tags/15-grashupfer"
Redirect gone "/index/tags/16-portfolio"
Redirect gone "/index/tags/30-winter"
Redirect gone "/index/tags/32-tiergarten_schonbrunn"
Redirect gone "/index/tags/39-ebensee"
Redirect gone "/index/tags/40-herbst"
Redirect gone "/index/tags/47-krems"
Redirect gone "/index/tags/8-wasserjunfer"
Redirect gone "/index/tags/aqua_terra_zoo_wien"
Redirect gone "/index/tags/architektur"
Redirect gone "/index/tags/baden_bei_wien"
Redirect gone "/index/tags/beachvolleyball"
Redirect gone "/index/tags/blume"
Redirect gone "/index/tags/blume/start-25"
Redirect gone "/index/tags/blume/start-50"
Redirect gone "/index/tags/caitlyn_ann"
Redirect gone "/index/tags/christina_w"
Redirect gone "/index/tags/detailaufnahme"
Redirect gone "/index/tags/detailaufnahme/start-75"
Redirect gone "/index/tags/floorball"
Redirect gone "/index/tags/frosch"
Redirect gone "/index/tags/grashupfer"
Redirect gone "/index/tags/graz"
Redirect gone "/index/tags/herbst"
Redirect gone "/index/tags/hund"
Redirect gone "/index/tags/igers_austria"
Redirect gone "/index/tags/insekt"
Redirect gone "/index/tags/isabella_l"
Redirect gone "/index/tags/jku_sommerfest"
Redirect gone "/index/tags/libelle"
Redirect gone "/index/tags/linz"
Redirect gone "/index/tags/lisa_kratochwill"
Redirect gone "/index/tags/lowkey"
Redirect gone "/index/tags/manner"
Redirect gone "/index/tags/martina_kremsmayr"
Redirect gone "/index/tags/musiker"
Redirect gone "/index/tags/paare"
Redirect gone "/index/tags/person"
Redirect gone "/index/tags/portfolio"
Redirect gone "/index/tags/richard_darian"
Redirect gone "/index/tags/salzburg"
Redirect gone "/index/tags/sarah_b"
Redirect gone "/index/tags/schmetterling"
Redirect gone "/index/tags/schwarz_weis"
Redirect gone "/index/tags/semmering"
Redirect gone "/index/tags/sonnenuntergang"
Redirect gone "/index/tags/tfp_oo"
Redirect gone "/index/tags/tier"
Redirect gone "/index/tags/tiergarten_schonbrunn"
Redirect gone "/index/tags/traunkirchen"
Redirect gone "/index/tags/urfahranermarkt"
Redirect gone "/index/tags/wasserjunfer"
Redirect gone "/index/tags/weitere_bilder"
Redirect gone "/index/tags/zypern/start-25"
Redirect gone "/index/tags/zypern/undefined"
Redirect gone "/moon/"
Redirect gone "/nature/"
Redirect gone "/nature/animals/"
Redirect gone "/nature/animals/birds/"
Redirect gone "/nature/animals/birds/ducks/"
Redirect gone "/nature/animals/cats/"
Redirect gone "/nature/animals/frogs/"
Redirect gone "/nature/animals/insects/grasshoppers/"
Redirect gone "/nature/animals/moorhen/"
Redirect gone "/nature/animals/zoos/zoo-vienna/"
Redirect gone "/picture.php?/115/category/staedte/linz"
Redirect gone "/picture.php?/124/category/natur/tiere/zoo"
Redirect gone "/picture.php?/174/category/natur"
Redirect gone "/picture.php?/182/category/natur"
Redirect gone "/picture.php?/245/category/menschen"
Redirect gone "/picture.php?/247/most_visited"
Redirect gone "/picture.php?/251/category/menschen"
Redirect gone "/picture.php?/254"
Redirect gone "/picture.php?/254/category/menschen"
Redirect gone "/picture.php?/277"
Redirect gone "/picture.php?/277/category/natur"
Redirect gone "/picture.php?/279"
Redirect gone "/picture/100/category/staedte"
Redirect gone "/picture/102/categories"
Redirect gone "/picture/102/category/staedte"
Redirect gone "/picture/103/categories"
Redirect gone "/picture/104/tags/architektur"
Redirect gone "/picture/104/tags/nacht"
Redirect gone "/picture/105/categories"
Redirect gone "/picture/105/category/natur"
Redirect gone "/picture/105/category/portfolio"
Redirect gone "/picture/105/category/staedte"
Redirect gone "/picture/105/category/staedte/wien"
Redirect gone "/picture/105/most_visited"
Redirect gone "/picture/105/tags/wien"
Redirect gone "/picture/105/tags/winter"
Redirect gone "/picture/106/categories"
Redirect gone "/picture/106/category/jahreszeiten/winter"
Redirect gone "/picture/106/category/staedte"
Redirect gone "/picture/106/most_visited"
Redirect gone "/picture/107"
Redirect gone "/picture/107/categories"
Redirect gone "/picture/107/category/staedte"
Redirect gone "/picture/109/category/natur"
Redirect gone "/picture/109/category/staedte"
Redirect gone "/picture/109/tags/winter"
Redirect gone "/picture/110/categories"
Redirect gone "/picture/110/category/nacht"
Redirect gone "/picture/110/most_visited"
Redirect gone "/picture/110/tags/architektur"
Redirect gone "/picture/110/tags/nacht"
Redirect gone "/picture/111/category/staedte"
Redirect gone "/picture/111/tags/architektur"
Redirect gone "/picture/112"
Redirect gone "/picture/112/categories"
Redirect gone "/picture/112/category/staedte"
Redirect gone "/picture/113/categories"
Redirect gone "/picture/113/category/staedte/linz"
Redirect gone "/picture/113/tags/linz"
Redirect gone "/picture/114/categories"
Redirect gone "/picture/114/category/staedte"
Redirect gone "/picture/114/category/staedte/linz"
Redirect gone "/picture/114/tags/linz"
Redirect gone "/picture/114/tags/nacht"
Redirect gone "/picture/115/categories"
Redirect gone "/picture/115/category/nacht"
Redirect gone "/picture/115/tags/linz"
Redirect gone "/picture/115/tags/nacht"
Redirect gone "/picture/116/category/staedte/linz"
Redirect gone "/picture/116/tags/linz"
Redirect gone "/picture/117/categories"
Redirect gone "/picture/117/category/staedte/linz"
Redirect gone "/picture/117/tags/nacht"
Redirect gone "/picture/118/category/portfolio"
Redirect gone "/picture/118/category/staedte"
Redirect gone "/picture/118/tags/salzburg"
Redirect gone "/picture/120/tags/natur"
Redirect gone "/picture/121/categories"
Redirect gone "/picture/121/tags/frosch"
Redirect gone "/picture/124/categories"
Redirect gone "/picture/124/category/natur"
Redirect gone "/picture/124/category/natur/tiere"
Redirect gone "/picture/124/category/natur/tiere/zoo"
Redirect gone "/picture/124/tags/tiergarten_schonbrunn"
Redirect gone "/picture/125/category/natur"
Redirect gone "/picture/127/categories"
Redirect gone "/picture/128/category/natur"
Redirect gone "/picture/128/tags/natur"
Redirect gone "/picture/130/categories"
Redirect gone "/picture/130/category/natur/tiere"
Redirect gone "/picture/130/tags/tiergarten_schonbrunn"
Redirect gone "/picture/131"
Redirect gone "/picture/131/categories"
Redirect gone "/picture/131/category/makro"
Redirect gone "/picture/131/category/portfolio"
Redirect gone "/picture/131/category/schwarz-weiss"
Redirect gone "/picture/131/most_visited"
Redirect gone "/picture/131/tags/grashupfer"
Redirect gone "/picture/131/tags/schwarz_weis"
Redirect gone "/picture/132/categories"
Redirect gone "/picture/132/category/makro"
Redirect gone "/picture/132/category/natur"
Redirect gone "/picture/132/category/natur/tiere"
Redirect gone "/picture/132/category/natur/tiere/insekten"
Redirect gone "/picture/132/tags/detailaufnahme"
Redirect gone "/picture/133"
Redirect gone "/picture/133/category/natur"
Redirect gone "/picture/133/tags/detailaufnahme"
Redirect gone "/picture/134/categories"
Redirect gone "/picture/134/category/staedte"
Redirect gone "/picture/134/category/staedte/wien"
Redirect gone "/picture/134/tags/wien"
Redirect gone "/picture/136/categories"
Redirect gone "/picture/136/tags/schmetterling"
Redirect gone "/picture/137/tags/detailaufnahme"
Redirect gone "/picture/138/category/natur/tiere/zoo"
Redirect gone "/picture/138/tags/vogel"
Redirect gone "/picture/139/categories"
Redirect gone "/picture/139/category/natur"
Redirect gone "/picture/139/category/natur/tiere"
Redirect gone "/picture/139/tags/grashupfer"
Redirect gone "/picture/141/category/natur"
Redirect gone "/picture/142/categories"
Redirect gone "/picture/142/category/natur"
Redirect gone "/picture/142/category/natur/tiere"
Redirect gone "/picture/142/category/natur/tiere/insekten/schmetterlinge"
Redirect gone "/picture/142/tags/schmetterling"
Redirect gone "/picture/143/category/natur"
Redirect gone "/picture/143/category/natur/tiere"
Redirect gone "/picture/143/tags/wasserjunfer"
Redirect gone "/picture/146/categories"
Redirect gone "/picture/146/category/natur"
Redirect gone "/picture/146/most_visited"
Redirect gone "/picture/147/categories"
Redirect gone "/picture/147/category/natur"
Redirect gone "/picture/147/tags/detailaufnahme"
Redirect gone "/picture/148/categories"
Redirect gone "/picture/148/category/natur"
Redirect gone "/picture/149/category/natur"
Redirect gone "/picture/150/categories"
Redirect gone "/picture/151/categories"
Redirect gone "/picture/151/category/natur/tiere/insekten"
Redirect gone "/picture/151/tags/hornisse"
Redirect gone "/picture/152/tags/schmetterling"
Redirect gone "/picture/153/category/natur"
Redirect gone "/picture/154/categories"
Redirect gone "/picture/154/category/natur"
Redirect gone "/picture/154/category/natur/tiere/voegel"
Redirect gone "/picture/154/tags/vogel"
Redirect gone "/picture/155/tags/tier"
Redirect gone "/picture/156/category/natur"
Redirect gone "/picture/157"
Redirect gone "/picture/157/categories"
Redirect gone "/picture/157/category/natur"
Redirect gone "/picture/157/category/natur/tiere"
Redirect gone "/picture/157/tags/insekt"
Redirect gone "/picture/158/categories"
Redirect gone "/picture/159/categories"
Redirect gone "/picture/160"
Redirect gone "/picture/160/category/natur"
Redirect gone "/picture/160/category/natur/tiere"
Redirect gone "/picture/160/category/natur/tiere/voegel"
Redirect gone "/picture/160/tags/vogel"
Redirect gone "/picture/161/tags/vogel"
Redirect gone "/picture/162"
Redirect gone "/picture/163/category/makro"
Redirect gone "/picture/167/categories"
Redirect gone "/picture/167/category/natur"
Redirect gone "/picture/167/tags/detailaufnahme"
Redirect gone "/picture/167/tags/schmetterling"
Redirect gone "/picture/167/tags/tiergarten_schonbrunn"
Redirect gone "/picture/168/category/portfolio"
Redirect gone "/picture/169/categories"
Redirect gone "/picture/170/categories"
Redirect gone "/picture/171"
Redirect gone "/picture/171/categories"
Redirect gone "/picture/171/category/natur"
Redirect gone "/picture/171/category/portfolio"
Redirect gone "/picture/171/tags/katze"
Redirect gone "/picture/172/categories"
Redirect gone "/picture/172/category/natur"
Redirect gone "/picture/172/tags/detailaufnahme"
Redirect gone "/picture/174/categories"
Redirect gone "/picture/174/category/natur/tiere"
Redirect gone "/picture/174/tags/detailaufnahme"
Redirect gone "/picture/174/tags/schmetterling"
Redirect gone "/picture/176/most_visited"
Redirect gone "/picture/177/categories"
Redirect gone "/picture/177/category/natur"
Redirect gone "/picture/177/tags/detailaufnahme"
Redirect gone "/picture/179/categories"
Redirect gone "/picture/179/tags/vogel"
Redirect gone "/picture/180/category/natur"
Redirect gone "/picture/181/categories"
Redirect gone "/picture/182/categories"
Redirect gone "/picture/182/category/natur/tiere/insekten/schmetterlinge"
Redirect gone "/picture/182/tags/schmetterling"
Redirect gone "/picture/183/category/natur"
Redirect gone "/picture/184/categories"
Redirect gone "/picture/184/category/natur"
Redirect gone "/picture/185/tags/vogel"
Redirect gone "/picture/186/category/natur/blumen"
Redirect gone "/picture/186/category/staedte/baden-bei-wien"
Redirect gone "/picture/186/tags/biene"
Redirect gone "/picture/186/tags/blume"
Redirect gone "/picture/187"
Redirect gone "/picture/187/categories"
Redirect gone "/picture/187/tags/blume"
Redirect gone "/picture/188/category/natur/tiere"
Redirect gone "/picture/188/tags/vogel"
Redirect gone "/picture/189/categories"
Redirect gone "/picture/189/tags/natur"
Redirect gone "/picture/191/categories"
Redirect gone "/picture/192/tags/blume"
Redirect gone "/picture/195/categories"
Redirect gone "/picture/195/tags/architektur"
Redirect gone "/picture/197/categories"
Redirect gone "/picture/199/category/natur/tiere/voegel"
Redirect gone "/picture/199/tags/28-vogel"
Redirect gone "/picture/199/tags/vogel"
Redirect gone "/picture/201/tags/blume"
Redirect gone "/picture/201/tags/wassertropfen"
Redirect gone "/picture/202/categories"
Redirect gone "/picture/202/category/natur"
Redirect gone "/picture/203/categories"
Redirect gone "/picture/204/tags/blume"
Redirect gone "/picture/205/category/natur/tiere/voegel"
Redirect gone "/picture/205/tags/vogel"
Redirect gone "/picture/206/categories"
Redirect gone "/picture/206/category/nacht"
Redirect gone "/picture/206/tags/19-sonnenuntergang"
Redirect gone "/picture/209/categories"
Redirect gone "/picture/209/category/natur"
Redirect gone "/picture/209/category/natur/tiere/voegel"
Redirect gone "/picture/209/category/staedte/wien"
Redirect gone "/picture/209/tags/vogel"
Redirect gone "/picture/210/tags/detailaufnahme"
Redirect gone "/picture/210/tags/natur"
Redirect gone "/picture/211/categories"
Redirect gone "/picture/212/categories"
Redirect gone "/picture/213/categories"
Redirect gone "/picture/213/tags/natur"
Redirect gone "/picture/214/tags/sonnenuntergang"
Redirect gone "/picture/215/categories"
Redirect gone "/picture/215/tags/biene"
Redirect gone "/picture/217/categories"
Redirect gone "/picture/217/category/nacht"
Redirect gone "/picture/217/category/nacht/sonnenuntergaenge"
Redirect gone "/picture/218/tags/nacht"
Redirect gone "/picture/219/category/jahreszeiten/winter"
Redirect gone "/picture/219/tags/winter"
Redirect gone "/picture/220"
Redirect gone "/picture/220/categories"
Redirect gone "/picture/221/categories"
Redirect gone "/picture/221/tags/blume"
Redirect gone "/picture/223/tags/natur"
Redirect gone "/picture/223/tags/winter"
Redirect gone "/picture/224/tags/nacht"
Redirect gone "/picture/225/categories"
Redirect gone "/picture/225/category/makro"
Redirect gone "/picture/225/category/natur"
Redirect gone "/picture/225/category/natur/tiere"
Redirect gone "/picture/225/category/natur/tiere/insekten"
Redirect gone "/picture/225/category/portfolio"
Redirect gone "/picture/225/most_visited"
Redirect gone "/picture/225/tags/biene"
Redirect gone "/picture/225/tags/detailaufnahme"
Redirect gone "/picture/226/category/natur/blumen"
Redirect gone "/picture/226/tags/detailaufnahme"
Redirect gone "/picture/228/category/natur/blumen"
Redirect gone "/picture/228/category/portfolio"
Redirect gone "/picture/228/tags/portfolio"
Redirect gone "/picture/233/category/weitere"
Redirect gone "/picture/237/tags/mond"
Redirect gone "/picture/238/categories"
Redirect gone "/picture/238/tags/blume"
Redirect gone "/picture/239/tags/natur"
Redirect gone "/picture/240/categories"
Redirect gone "/picture/240/tags/blume"
Redirect gone "/picture/241/categories"
Redirect gone "/picture/242/category/personen"
Redirect gone "/picture/242/tags/paare"
Redirect gone "/picture/243/categories"
Redirect gone "/picture/243/category/jahreszeiten"
Redirect gone "/picture/243/tags/winter"
Redirect gone "/picture/247/category/personen"
Redirect gone "/picture/247/category/personen/frauen"
Redirect gone "/picture/247/tags/frauen"
Redirect gone "/picture/249"
Redirect gone "/picture/250/category/personen"
Redirect gone "/picture/251/categories"
Redirect gone "/picture/251/category/personen"
Redirect gone "/picture/251/category/personen/sport"
Redirect gone "/picture/251/category/personen/sport/beachvolleyball"
Redirect gone "/picture/252/categories"
Redirect gone "/picture/252/category/natur"
Redirect gone "/picture/252/category/natur/blumen"
Redirect gone "/picture/252/tags/blume"
Redirect gone "/picture/252/tags/detailaufnahme"
Redirect gone "/picture/253/category/personen/frauen"
Redirect gone "/picture/253/tags/frauen"
Redirect gone "/picture/254/categories"
Redirect gone "/picture/255/categories"
Redirect gone "/picture/255/category/natur/blumen"
Redirect gone "/picture/255/tags/blume"
Redirect gone "/picture/258/categories"
Redirect gone "/picture/258/tags/blume"
Redirect gone "/picture/258/tags/detailaufnahme"
Redirect gone "/picture/258/tags/herbst"
Redirect gone "/picture/259/categories"
Redirect gone "/picture/262/categories"
Redirect gone "/picture/262/tags/blume"
Redirect gone "/picture/263/categories"
Redirect gone "/picture/264/categories"
Redirect gone "/picture/264/category/natur"
Redirect gone "/picture/264/tags/blume"
Redirect gone "/picture/264/tags/detailaufnahme"
Redirect gone "/picture/272/categories"
Redirect gone "/picture/273/category/makro"
Redirect gone "/picture/273/category/natur"
Redirect gone "/picture/273/category/natur/blumen"
Redirect gone "/picture/273/tags/baden_bei_wien"
Redirect gone "/picture/274"
Redirect gone "/picture/277/categories"
Redirect gone "/picture/277/category/makro"
Redirect gone "/picture/277/category/natur/blumen"
Redirect gone "/picture/277/tags/blume"
Redirect gone "/picture/277/tags/detailaufnahme"
Redirect gone "/picture/278/categories"
Redirect gone "/picture/278/category/makro"
Redirect gone "/picture/278/category/natur"
Redirect gone "/picture/278/tags/detailaufnahme"
Redirect gone "/picture/278/tags/natur"
Redirect gone "/picture/279/categories"
Redirect gone "/picture/279/category/natur/blumen"
Redirect gone "/picture/280"
Redirect gone "/picture/280/category/natur/blumen"
Redirect gone "/picture/281/category/natur"
Redirect gone "/picture/281/tags/blume"
Redirect gone "/picture/282/categories"
Redirect gone "/picture/282/category/makro"
Redirect gone "/picture/282/category/natur"
Redirect gone "/picture/282/category/natur/regentropfen"
Redirect gone "/picture/282/tags/blume"
Redirect gone "/picture/282/tags/detailaufnahme"
Redirect gone "/picture/282/tags/wassertropfen"
Redirect gone "/picture/283/category/natur"
Redirect gone "/picture/283/tags/blume"
Redirect gone "/picture/284/categories"
Redirect gone "/picture/284/tags/blume"
Redirect gone "/picture/285"
Redirect gone "/picture/286/categories"
Redirect gone "/picture/286/category/natur"
Redirect gone "/picture/287/categories"
Redirect gone "/picture/288/category/natur"
Redirect gone "/picture/288/category/natur/blumen"
Redirect gone "/picture/288/tags/blume"
Redirect gone "/picture/289/categories"
Redirect gone "/picture/290/categories"
Redirect gone "/picture/290/category/natur/blumen"
Redirect gone "/picture/290/tags/blume"
Redirect gone "/picture/292/category/natur"
Redirect gone "/picture/292/category/natur/blumen"
Redirect gone "/picture/292/tags/blume"
Redirect gone "/picture/293/tags/hund"
Redirect gone "/picture/294/categories"
Redirect gone "/picture/296/categories"
Redirect gone "/picture/296/category/personen"
Redirect gone "/picture/296/category/tfp"
Redirect gone "/picture/296/tags/frauen"
Redirect gone "/picture/296/tags/schwarz_weis"
Redirect gone "/picture/297/categories"
Redirect gone "/picture/297/category/personen"
Redirect gone "/picture/297/category/personen/frauen"
Redirect gone "/picture/297/category/tfp"
Redirect gone "/picture/297/tags/caitlyn_ann"
Redirect gone "/picture/297/tags/tfp_linz"
Redirect gone "/picture/298/categories"
Redirect gone "/picture/298/category/personen/frauen"
Redirect gone "/picture/298/category/tfp"
Redirect gone "/picture/298/tags/caitlyn_ann"
Redirect gone "/picture/298/tags/frauen"
Redirect gone "/picture/298/tags/schwarz_weis"
Redirect gone "/picture/298/tags/tfp_linz"
Redirect gone "/picture/299"
Redirect gone "/picture/299/categories"
Redirect gone "/picture/299/category/personen"
Redirect gone "/picture/299/category/personen/frauen"
Redirect gone "/picture/299/category/schwarz-weiss"
Redirect gone "/picture/299/tags/frauen"
Redirect gone "/picture/299/tags/schwarz_weis"
Redirect gone "/picture/300/categories"
Redirect gone "/picture/300/category/jahreszeiten/herbst"
Redirect gone "/picture/300/tags/blume"
Redirect gone "/picture/300/tags/herbst"
Redirect gone "/picture/301/categories"
Redirect gone "/picture/301/tags/salzburg"
Redirect gone "/picture/302/categories"
Redirect gone "/picture/302/category/natur"
Redirect gone "/picture/303/categories"
Redirect gone "/picture/303/category/makro"
Redirect gone "/picture/303/category/natur"
Redirect gone "/picture/305/categories"
Redirect gone "/picture/305/category/natur"
Redirect gone "/picture/305/category/natur/tiere"
Redirect gone "/picture/305/category/natur/tiere/insekten"
Redirect gone "/picture/305/category/natur/tiere/insekten/schmetterlinge"
Redirect gone "/picture/305/tags/detailaufnahme"
Redirect gone "/picture/306/categories"
Redirect gone "/picture/306/category/makro"
Redirect gone "/picture/306/category/natur"
Redirect gone "/picture/306/tags/blume"
Redirect gone "/picture/306/tags/detailaufnahme"
Redirect gone "/picture/307/categories"
Redirect gone "/picture/307/category/natur"
Redirect gone "/picture/308/category/natur"
Redirect gone "/picture/309/category/natur"
Redirect gone "/picture/309/category/natur/tiere"
Redirect gone "/picture/310/categories"
Redirect gone "/picture/310/category/natur"
Redirect gone "/picture/310/tags/aqua_terra_zoo_wien"
Redirect gone "/picture/311/categories"
Redirect gone "/picture/311/category/natur"
Redirect gone "/picture/311/tags/vogel"
Redirect gone "/picture/312/tags/vogel"
Redirect gone "/picture/313/tags/32-tiergarten_schonbrunn"
Redirect gone "/picture/314/category/natur"
Redirect gone "/picture/315/category/natur"
Redirect gone "/picture/315/category/natur/tiere/zoo"
Redirect gone "/picture/316/categories"
Redirect gone "/picture/316/category/natur"
Redirect gone "/picture/316/tags/schwarz_weis"
Redirect gone "/picture/316/tags/tiergarten_schonbrunn"
Redirect gone "/picture/316/tags/vogel"
Redirect gone "/picture/317/categories"
Redirect gone "/picture/317/category/natur/tiere"
Redirect gone "/picture/317/category/natur/tiere/zoo"
Redirect gone "/picture/317/tags/tier"
Redirect gone "/picture/319/categories"
Redirect gone "/picture/320/categories"
Redirect gone "/picture/320/category/personen"
Redirect gone "/picture/321/categories"
Redirect gone "/picture/321/category/personen"
Redirect gone "/picture/321/category/tfp"
Redirect gone "/picture/321/tags/paare"
Redirect gone "/picture/322/category/personen"
Redirect gone "/picture/322/category/personen/frauen"
Redirect gone "/picture/323/categories"
Redirect gone "/picture/323/category/personen"
Redirect gone "/picture/323/tags/herbst"
Redirect gone "/picture/325/categories"
Redirect gone "/picture/325/category/jahreszeiten"
Redirect gone "/picture/325/category/personen"
Redirect gone "/picture/325/category/personen/frauen"
Redirect gone "/picture/325/tags/herbst"
Redirect gone "/picture/325/tags/tfp_linz"
Redirect gone "/picture/326/categories"
Redirect gone "/picture/326/category/menschen/frauen"
Redirect gone "/picture/327/categories"
Redirect gone "/picture/327/tags/tfp_linz"
Redirect gone "/picture/328/categories"
Redirect gone "/picture/328/category/staedte"
Redirect gone "/picture/329/categories"
Redirect gone "/picture/330/categories"
Redirect gone "/picture/330/tags/semmering"
Redirect gone "/picture/331/categories"
Redirect gone "/picture/331/category/natur"
Redirect gone "/picture/331/tags/natur"
Redirect gone "/picture/332/tags/semmering"
Redirect gone "/picture/333/categories"
Redirect gone "/picture/333/tags/sarah_b"
Redirect gone "/picture/334/categories"
Redirect gone "/picture/334/tags/blume"
Redirect gone "/picture/335/categories"
Redirect gone "/picture/337/categories"
Redirect gone "/picture/337/tags/natur"
Redirect gone "/picture/338/categories"
Redirect gone "/picture/338/category/makro"
Redirect gone "/picture/338/category/schwarz-weiss"
Redirect gone "/picture/340/categories"
Redirect gone "/picture/340/category/jahreszeiten/winter"
Redirect gone "/picture/340/category/makro"
Redirect gone "/picture/340/tags/winter"
Redirect gone "/picture/341/categories"
Redirect gone "/picture/342/category/natur"
Redirect gone "/picture/342/tags/winter"
Redirect gone "/picture/343/category/jahreszeiten"
Redirect gone "/picture/344"
Redirect gone "/picture/344/categories"
Redirect gone "/picture/344/category/personen"
Redirect gone "/picture/344/category/staedte"
Redirect gone "/picture/344/tags/prag"
Redirect gone "/picture/345/categories"
Redirect gone "/picture/346/categories"
Redirect gone "/picture/347/categories"
Redirect gone "/picture/347/tags/prag"
Redirect gone "/picture/350/tags/nacht"
Redirect gone "/picture/351/categories"
Redirect gone "/picture/351/category/staedte"
Redirect gone "/picture/354/categories"
Redirect gone "/picture/355/categories"
Redirect gone "/picture/356/categories"
Redirect gone "/picture/356/category/staedte"
Redirect gone "/picture/356/tags/weihnachten"
Redirect gone "/picture/357/categories"
Redirect gone "/picture/357/category/staedte"
Redirect gone "/picture/357/tags/prag"
Redirect gone "/picture/358/categories"
Redirect gone "/picture/358/category/staedte"
Redirect gone "/picture/358/tags/prag"
Redirect gone "/picture/359/categories"
Redirect gone "/picture/360/categories"
Redirect gone "/picture/360/tags/prag"
Redirect gone "/picture/361/categories"
Redirect gone "/picture/361/category/staedte"
Redirect gone "/picture/362/categories"
Redirect gone "/picture/363/categories"
Redirect gone "/picture/365/categories"
Redirect gone "/picture/365/tags/nacht"
Redirect gone "/picture/367/categories"
Redirect gone "/picture/367/category/staedte"
Redirect gone "/picture/367/tags/prag"
Redirect gone "/picture/368/categories"
Redirect gone "/picture/368/tags/prag"
Redirect gone "/picture/369/categories"
Redirect gone "/picture/369/category/tfp"
Redirect gone "/picture/369/tags/sarah_b"
Redirect gone "/picture/369/tags/tfp_linz"
Redirect gone "/picture/370/categories"
Redirect gone "/picture/370/category/staedte"
Redirect gone "/picture/370/tags/linz"
Redirect gone "/picture/373/categories"
Redirect gone "/picture/373/tags/frauen"
Redirect gone "/picture/373/tags/tfp_linz"
Redirect gone "/picture/377"
Redirect gone "/picture/377/category/personen"
Redirect gone "/picture/377/category/portfolio"
Redirect gone "/picture/377/category/tfp"
Redirect gone "/picture/377/tags/martina_kremsmayr"
Redirect gone "/picture/377/tags/tfp_linz"
Redirect gone "/picture/378/categories"
Redirect gone "/picture/378/category/jahreszeiten/winter"
Redirect gone "/picture/378/category/tfp"
Redirect gone "/picture/378/tags/tfp_linz"
Redirect gone "/picture/378/tags/winter"
Redirect gone "/picture/379/category/personen"
Redirect gone "/picture/379/tags/winter"
Redirect gone "/picture/380/categories"
Redirect gone "/picture/381/tags/winter"
Redirect gone "/picture/382/categories"
Redirect gone "/picture/382/category/jahreszeiten/winter"
Redirect gone "/picture/382/category/nacht"
Redirect gone "/picture/382/category/natur"
Redirect gone "/picture/382/tags/linz"
Redirect gone "/picture/382/tags/winter"
Redirect gone "/picture/383/categories"
Redirect gone "/picture/384/categories"
Redirect gone "/picture/384/category/jahreszeiten/winter"
Redirect gone "/picture/384/category/makro"
Redirect gone "/picture/384/category/natur"
Redirect gone "/picture/384/tags/winter"
Redirect gone "/picture/385/categories"
Redirect gone "/picture/387/categories"
Redirect gone "/picture/388/categories"
Redirect gone "/picture/388/category/tfp"
Redirect gone "/picture/388/tags/tfp_linz"
Redirect gone "/picture/389"
Redirect gone "/picture/389/categories"
Redirect gone "/picture/389/category/personen"
Redirect gone "/picture/389/category/personen/musiker"
Redirect gone "/picture/389/category/personen/paare"
Redirect gone "/picture/389/category/tfp"
Redirect gone "/picture/389/tags/caitlyn_ann"
Redirect gone "/picture/389/tags/musiker"
Redirect gone "/picture/389/tags/richard_darian"
Redirect gone "/picture/389/tags/tfp_linz"
Redirect gone "/picture/390/categories"
Redirect gone "/picture/390/category/personen"
Redirect gone "/picture/390/category/personen/paare"
Redirect gone "/picture/390/category/tfp"
Redirect gone "/picture/390/tags/caitlyn_ann"
Redirect gone "/picture/390/tags/tfp_linz"
Redirect gone "/picture/391/categories"
Redirect gone "/picture/392/categories"
Redirect gone "/picture/393/categories"
Redirect gone "/picture/393/category/tfp"
Redirect gone "/picture/393/tags/tfp_linz"
Redirect gone "/picture/394/category/schwarz-weiss"
Redirect gone "/picture/394/tags/tfp_linz"
Redirect gone "/picture/395/categories"
Redirect gone "/picture/397/categories"
Redirect gone "/picture/398/categories"
Redirect gone "/picture/398/category/natur"
Redirect gone "/picture/398/tags/natur"
Redirect gone "/picture/399/categories"
Redirect gone "/picture/399/category/natur"
Redirect gone "/picture/400/categories"
Redirect gone "/picture/400/category/makro"
Redirect gone "/picture/400/category/natur"
Redirect gone "/picture/401/categories"
Redirect gone "/picture/401/category/makro"
Redirect gone "/picture/401/category/natur"
Redirect gone "/picture/401/tags/blume"
Redirect gone "/picture/401/tags/natur"
Redirect gone "/picture/402/categories"
Redirect gone "/picture/402/category/makro"
Redirect gone "/picture/402/category/natur"
Redirect gone "/picture/402/tags/detailaufnahme"
Redirect gone "/picture/404"
Redirect gone "/picture/404/categories"
Redirect gone "/picture/405"
Redirect gone "/picture/405/categories"
Redirect gone "/picture/405/category/personen"
Redirect gone "/picture/405/category/personen/musiker"
Redirect gone "/picture/405/category/schwarz-weiss"
Redirect gone "/picture/405/tags/musiker"
Redirect gone "/picture/405/tags/person"
Redirect gone "/picture/405/tags/schwarz_weis"
Redirect gone "/picture/407"
Redirect gone "/picture/407/categories"
Redirect gone "/picture/407/category/personen"
Redirect gone "/picture/407/tags/tfp_linz"
Redirect gone "/picture/408"
Redirect gone "/picture/408/categories"
Redirect gone "/picture/408/category/personen/frauen"
Redirect gone "/picture/408/category/tfp"
Redirect gone "/picture/408/tags/frauen"
Redirect gone "/picture/408/tags/tfp_linz"
Redirect gone "/picture/409/categories"
Redirect gone "/picture/410/categories"
Redirect gone "/picture/411/categories"
Redirect gone "/picture/412/categories"
Redirect gone "/picture/413/categories"
Redirect gone "/picture/414/categories"
Redirect gone "/picture/415/categories"
Redirect gone "/picture/416/categories"
Redirect gone "/picture/417/categories"
Redirect gone "/picture/417/tags/anja_h"
Redirect gone "/picture/417/tags/tfp_oo"
Redirect gone "/picture/418/categories"
Redirect gone "/picture/418/tags/frauen"
Redirect gone "/picture/420/category/personen/frauen"
Redirect gone "/picture/420/tags/tfp_oo"
Redirect gone "/picture/421/categories"
Redirect gone "/picture/422/categories"
Redirect gone "/picture/422/category/personen"
Redirect gone "/picture/426/categories"
Redirect gone "/picture/426/category/natur"
Redirect gone "/picture/426/tags/blume"
Redirect gone "/picture/428/categories"
Redirect gone "/picture/428/category/natur"
Redirect gone "/picture/429/categories"
Redirect gone "/picture/431/categories"
Redirect gone "/picture/431/category/natur"
Redirect gone "/picture/432/categories"
Redirect gone "/picture/432/category/natur"
Redirect gone "/picture/433/categories"
Redirect gone "/picture/433/category/natur"
Redirect gone "/picture/433/tags/blume"
Redirect gone "/picture/435/category/makro"
Redirect gone "/picture/435/category/natur"
Redirect gone "/picture/435/category/natur/tiere"
Redirect gone "/picture/435/category/natur/tiere/insekten"
Redirect gone "/picture/435/tags/insekt"
Redirect gone "/picture/436/categories"
Redirect gone "/picture/436/category/natur"
Redirect gone "/picture/437/category/natur"
Redirect gone "/picture/438/categories"
Redirect gone "/picture/439/categories"
Redirect gone "/picture/440/category/natur"
Redirect gone "/picture/442/categories"
Redirect gone "/picture/443/categories"
Redirect gone "/picture/444/categories"
Redirect gone "/picture/446/categories"
Redirect gone "/picture/447/categories"
Redirect gone "/picture/448/categories"
Redirect gone "/picture/449/categories"
Redirect gone "/picture/450/categories"
Redirect gone "/picture/450/category/natur/tiere"
Redirect gone "/picture/451/categories"
Redirect gone "/picture/451/tags/natur"
Redirect gone "/picture/452/category/natur"
Redirect gone "/picture/453/categories"
Redirect gone "/picture/454/category/natur"
Redirect gone "/picture/455/categories"
Redirect gone "/picture/455/category/natur/tiere"
Redirect gone "/picture/456/categories"
Redirect gone "/picture/456/category/makro"
Redirect gone "/picture/456/category/natur"
Redirect gone "/picture/456/tags/detailaufnahme"
Redirect gone "/picture/460/category/staedte/zypern"
Redirect gone "/picture/462/categories"
Redirect gone "/picture/463/categories"
Redirect gone "/picture/468"
Redirect gone "/picture/468/categories"
Redirect gone "/picture/468/category/58"
Redirect gone "/picture/468/category/natur"
Redirect gone "/picture/468/tags/zypern"
Redirect gone "/picture/469/category/staedte"
Redirect gone "/picture/470/categories"
Redirect gone "/picture/475/categories"
Redirect gone "/picture/479/categories"
Redirect gone "/picture/480/categories"
Redirect gone "/picture/481/categories"
Redirect gone "/picture/481/category/staedte"
Redirect gone "/picture/482/category/staedte"
Redirect gone "/picture/483/category/staedte"
Redirect gone "/picture/484/category/staedte"
Redirect gone "/picture/485/category/staedte"
Redirect gone "/picture/489/categories"
Redirect gone "/picture/495/categories"
Redirect gone "/picture/496/categories"
Redirect gone "/picture/498/tags/zypern"
Redirect gone "/picture/499/categories"
Redirect gone "/picture/93/category/makro"
Redirect gone "/picture/93/category/staedte/baden-bei-wien"
Redirect gone "/picture/93/tags/baden_bei_wien"
Redirect gone "/picture/93/tags/detailaufnahme"
Redirect gone "/picture/94/tags/natur"
Redirect gone "/picture/97/tags/traunkirchen"
Redirect gone "/picture/98/category/natur"
Redirect gone "/picture/98/category/staedte/traunkirchen"
Redirect gone "/picture/98/tags/natur"
Redirect gone "/picture/99/categories"
Redirect gone "/picture/99/category/staedte"
Redirect gone "/portfolio/"
Redirect gone "/privacy-policy/"
Redirect gone "/sunsets/"
Redirect gone "/wp-admin/admin-ajax.php"
Redirect 301 "/gallery/categories/Chronologisch/" https://reisishot.pictures/gallery/categories/chronologisch/
Redirect 301 "/gallery/categories/Detailaufnahmen/" https://reisishot.pictures/gallery/categories/detailaufnahmen/
Redirect 301 "/gallery/categories/Nacht" https://reisishot.pictures/gallery/categories/nacht/
Redirect 301 "/gallery/categories/Nacht/" https://reisishot.pictures/gallery/categories/nacht/
Redirect 301 "/gallery/categories/Nacht/Feuerwerk/" https://reisishot.pictures/gallery/categories/nacht/feuerwerk/
Redirect 301 "/gallery/categories/Nacht/Sonnenuntergang/" https://reisishot.pictures/gallery/categories/nacht/sonnenuntergang/
Redirect 301 "/gallery/categories/Natur" https://reisishot.pictures/gallery/categories/natur/
Redirect 301 "/gallery/categories/Natur/" https://reisishot.pictures/gallery/categories/natur/
Redirect 301 "/gallery/categories/Natur/Blumen/Wassertropfen" https://reisishot.pictures/gallery/categories/natur/blumen/wassertropfen/
Redirect 301 "/gallery/categories/Natur/Blumen/Wassertropfen/" https://reisishot.pictures/gallery/categories/natur/blumen/wassertropfen/
Redirect 301 "/gallery/categories/Natur/Tiere/" https://reisishot.pictures/gallery/categories/natur/tiere/
Redirect 301 "/gallery/categories/Natur/Tiere/Hund/" https://reisishot.pictures/gallery/categories/natur/tiere/hund/
Redirect 301 "/gallery/categories/Natur/Tiere/Insekten/" https://reisishot.pictures/gallery/categories/natur/tiere/insekten/
Redirect 301 "/gallery/categories/Natur/Tiere/Insekten/Bienen" https://reisishot.pictures/gallery/categories/natur/tiere/insekten/bienen/
Redirect 301 "/gallery/categories/Natur/Tiere/Insekten/Bienen/" https://reisishot.pictures/gallery/categories/natur/tiere/insekten/bienen/
Redirect 301 "/gallery/categories/Natur/Tiere/Insekten/Grashüpfer/" https://reisishot.pictures/gallery/categories/natur/tiere/insekten/grashüpfer/
Redirect 301 "/gallery/categories/Natur/Tiere/Insekten/Schmetterling/" https://reisishot.pictures/gallery/categories/natur/tiere/insekten/schmetterling/
Redirect 301 "/gallery/categories/Natur/Tiere/Zoo" https://reisishot.pictures/gallery/categories/natur/tiere/zoo/
Redirect 301 "/gallery/categories/Natur/Tiere/Zoo/" https://reisishot.pictures/gallery/categories/natur/tiere/zoo/
Redirect 301 "/gallery/categories/Personen/" https://reisishot.pictures/gallery/categories/personen/
Redirect 301 "/gallery/categories/Personen/Paare/" https://reisishot.pictures/gallery/categories/personen/paare/
Redirect 301 "/gallery/categories/Regionen" https://reisishot.pictures/gallery/categories/regionen/
Redirect 301 "/gallery/categories/Regionen/" https://reisishot.pictures/gallery/categories/regionen/
Redirect 301 "/gallery/categories/Regionen/Baden-bei-Wien/" https://reisishot.pictures/gallery/categories/regionen/baden-bei-wien/
Redirect 301 "/gallery/categories/Regionen/Prag" https://reisishot.pictures/gallery/categories/regionen/prag/
Redirect 301 "/gallery/categories/Regionen/Prag/" https://reisishot.pictures/gallery/categories/regionen/prag/
Redirect 301 "/gallery/categories/Regionen/Semmering/" https://reisishot.pictures/gallery/categories/regionen/semmering/
Redirect 301 "/gallery/categories/Regionen/Traunkirchen/" https://reisishot.pictures/gallery/categories/regionen/traunkirchen/
Redirect 301 "/gallery/categories/Regionen/Wien/" https://reisishot.pictures/gallery/categories/regionen/wien/
Redirect 301 "/gallery/categories/Regionen/Zypern" https://reisishot.pictures/gallery/categories/regionen/zypern/
Redirect 301 "/gallery/categories/Regionen/Zypern/" https://reisishot.pictures/gallery/categories/regionen/zypern/
Redirect 301 "/gallery/categories/Schwarz-Weiß/" https://reisishot.pictures/gallery/categories/schwarz-weiß/
Redirect 301 "/gallery/categories/TFP-Shootings/" https://reisishot.pictures/gallery/categories/tfp-shootings/
Redirect 301 "/gallery/images/Blume0080/" https://reisishot.pictures/gallery/images/blume0080/
Redirect 301 "/gallery/images/Winter01/" https://reisishot.pictures/gallery/images/winter01/
Redirect 301 "/gallery/tags/Anja-H" https://reisishot.pictures/gallery/tags/anja-h/
Redirect 301 "/gallery/tags/Anja-H/" https://reisishot.pictures/gallery/tags/anja-h/
Redirect 301 "/gallery/tags/Aqua-Terra-Zoo-Wien/" https://reisishot.pictures/gallery/tags/aqua-terra-zoo-wien/
Redirect 301 "/gallery/tags/Baden-bei-Wien" https://reisishot.pictures/gallery/tags/baden-bei-wien/
Redirect 301 "/gallery/tags/Baden-bei-Wien/" https://reisishot.pictures/gallery/tags/baden-bei-wien/
Redirect 301 "/gallery/tags/Biene/" https://reisishot.pictures/gallery/tags/biene/
Redirect 301 "/gallery/tags/Budapest/" https://reisishot.pictures/gallery/tags/budapest/
Redirect 301 "/gallery/tags/Detailaufnahme" https://reisishot.pictures/gallery/tags/detailaufnahme/
Redirect 301 "/gallery/tags/Detailaufnahme/" https://reisishot.pictures/gallery/tags/detailaufnahme/
Redirect 301 "/gallery/tags/Feuerwerk" https://reisishot.pictures/gallery/tags/feuerwerk/
Redirect 301 "/gallery/tags/Feuerwerk/" https://reisishot.pictures/gallery/tags/feuerwerk/
Redirect 301 "/gallery/tags/Floorball" https://reisishot.pictures/gallery/tags/floorball/
Redirect 301 "/gallery/tags/Floorball/" https://reisishot.pictures/gallery/tags/floorball/
Redirect 301 "/gallery/tags/Frau/" https://reisishot.pictures/gallery/tags/frau/
Redirect 301 "/gallery/tags/Graz/" https://reisishot.pictures/gallery/tags/graz/
Redirect 301 "/gallery/tags/Hummel/" https://reisishot.pictures/gallery/tags/hummel/
Redirect 301 "/gallery/tags/Igers-Austria" https://reisishot.pictures/gallery/tags/igers-austria/
Redirect 301 "/gallery/tags/Igers-Austria/" https://reisishot.pictures/gallery/tags/igers-austria/
Redirect 301 "/gallery/tags/Isabella-L/" https://reisishot.pictures/gallery/tags/isabella-l/
Redirect 301 "/gallery/tags/Isabella-L/" https://reisishot.pictures/gallery/tags/isabella-l/
Redirect 301 "/gallery/tags/Julia-Eder" https://reisishot.pictures/gallery/tags/julia-eder/
Redirect 301 "/gallery/tags/Kirche" https://reisishot.pictures/gallery/tags/kirche/
Redirect 301 "/gallery/tags/Kirche/" https://reisishot.pictures/gallery/tags/kirche/
Redirect 301 "/gallery/tags/Krems" https://reisishot.pictures/gallery/tags/krems/
Redirect 301 "/gallery/tags/Libelle/" https://reisishot.pictures/gallery/tags/libelle/
Redirect 301 "/gallery/tags/Linz/" https://reisishot.pictures/gallery/tags/linz/
Redirect 301 "/gallery/tags/Lisa-Kratochwill" https://reisishot.pictures/gallery/tags/lisa-kratochwill/
Redirect 301 "/gallery/tags/Lisa-Kratochwill/" https://reisishot.pictures/gallery/tags/lisa-kratochwill/
Redirect 301 "/gallery/tags/Lowkey/" https://reisishot.pictures/gallery/tags/lowkey/
Redirect 301 "/gallery/tags/Mann/" https://reisishot.pictures/gallery/tags/mann/
Redirect 301 "/gallery/tags/Mintha/" https://reisishot.pictures/gallery/tags/mintha/
Redirect 301 "/gallery/tags/Mörbisch" https://reisishot.pictures/gallery/tags/mörbisch/
Redirect 301 "/gallery/tags/Musiker/" https://reisishot.pictures/gallery/tags/musiker/
Redirect 301 "/gallery/tags/Nacht/" https://reisishot.pictures/gallery/tags/nacht/
Redirect 301 "/gallery/tags/Natur/" https://reisishot.pictures/gallery/tags/natur/
Redirect 301 "/gallery/tags/Paare" https://reisishot.pictures/gallery/tags/paare/
Redirect 301 "/gallery/tags/Paare/" https://reisishot.pictures/gallery/tags/paare/
Redirect 301 "/gallery/tags/Portfolio" https://reisishot.pictures/gallery/tags/portfolio/
Redirect 301 "/gallery/tags/Portfolio/" https://reisishot.pictures/gallery/tags/portfolio/
Redirect 301 "/gallery/tags/Prag/" https://reisishot.pictures/gallery/tags/prag/
Redirect 301 "/gallery/tags/Reptil" https://reisishot.pictures/gallery/tags/reptil/
Redirect 301 "/gallery/tags/Reptil/" https://reisishot.pictures/gallery/tags/reptil/
Redirect 301 "/gallery/tags/Richard-Darian" https://reisishot.pictures/gallery/tags/richard-darian/
Redirect 301 "/gallery/tags/Richard-Darian/" https://reisishot.pictures/gallery/tags/richard-darian/
Redirect 301 "/gallery/tags/Sandra-Fraubaum" https://reisishot.pictures/gallery/tags/sandra-fraubaum/
Redirect 301 "/gallery/tags/Sandra-Fraubaum/" https://reisishot.pictures/gallery/tags/sandra-fraubaum/
Redirect 301 "/gallery/tags/Sarah-B/" https://reisishot.pictures/gallery/tags/sarah-b/
Redirect 301 "/gallery/tags/Sarah-B/" https://reisishot.pictures/gallery/tags/sarah-b/
Redirect 301 "/gallery/tags/schwarz-weiss" https://reisishot.pictures/gallery/tags/schwarz-weiss/
Redirect 301 "/gallery/tags/Schwarz-Weiß/" https://reisishot.pictures/gallery/tags/schwarz-weiß/
Redirect 301 "/gallery/tags/Schwebfliege" https://reisishot.pictures/gallery/tags/schwebfliege/
Redirect 301 "/gallery/tags/Schwebfliege/" https://reisishot.pictures/gallery/tags/schwebfliege/
Redirect 301 "/gallery/tags/Semmering/" https://reisishot.pictures/gallery/tags/semmering/
Redirect 301 "/gallery/tags/Sonnenuntergang" https://reisishot.pictures/gallery/tags/sonnenuntergang/
Redirect 301 "/gallery/tags/Sonnenuntergang/" https://reisishot.pictures/gallery/tags/sonnenuntergang/
Redirect 301 "/gallery/tags/Sterne" https://reisishot.pictures/gallery/tags/sterne/
Redirect 301 "/gallery/tags/Sterne/" https://reisishot.pictures/gallery/tags/sterne/
Redirect 301 "/gallery/tags/TFP-Linz" https://reisishot.pictures/gallery/tags/tfp-linz/
Redirect 301 "/gallery/tags/TFP-Linz/" https://reisishot.pictures/gallery/tags/tfp-linz/
Redirect 301 "/gallery/tags/TFP-Leonding" https://reisishot.pictures/gallery/tags/tfp-leonding/
Redirect 301 "/gallery/tags/TFP-Leonding/" https://reisishot.pictures/gallery/tags/tfp-leonding/
Redirect 301 "/gallery/tags/TFP-Linz" https://reisishot.pictures/gallery/tags/tfp-linz/
Redirect 301 "/gallery/tags/TFP-Linz/" https://reisishot.pictures/gallery/tags/tfp-linz/
Redirect 301 "/gallery/tags/TFP-Wien/" https://reisishot.pictures/gallery/tags/tfp-wien/
Redirect 301 "/gallery/tags/Tier/" https://reisishot.pictures/gallery/tags/tier/
Redirect 301 "/gallery/tags/Tiergarten-Schoenbrunn/" https://reisishot.pictures/gallery/tags/tiergarten-schoenbrunn/
Redirect 301 "/gallery/tags/Urfahranermarkt" https://reisishot.pictures/gallery/tags/urfahranermarkt/
Redirect 301 "/gallery/tags/Urfahranermarkt/" https://reisishot.pictures/gallery/tags/urfahranermarkt/
Redirect 301 "/gallery/tags/Vogel/" https://reisishot.pictures/gallery/tags/vogel/
Redirect 301 "/gallery/tags/Wasserjunfer" https://reisishot.pictures/gallery/tags/wasserjunfer/
Redirect 301 "/gallery/tags/Wasserjunfer/" https://reisishot.pictures/gallery/tags/wasserjunfer/
Redirect 301 "/gallery/tags/Wassertropfen" https://reisishot.pictures/gallery/tags/wassertropfen/
Redirect 301 "/gallery/tags/Wassertropfen/" https://reisishot.pictures/gallery/tags/wassertropfen/
Redirect 301 "/gallery/tags/Wien/" https://reisishot.pictures/gallery/tags/wien/
Redirect 301 "/gallery/tags/William-Rogers-Perlmutter" https://reisishot.pictures/gallery/tags/william-rogers-perlmutter/
Redirect 301 "/gallery/tags/William-Rogers-Perlmutter/" https://reisishot.pictures/gallery/tags/william-rogers-perlmutter/
Redirect 301 "/gallery/tags/Winter/" https://reisishot.pictures/gallery/tags/winter/
Redirect 301 "/gallery/tags/Zypern" https://reisishot.pictures/gallery/tags/zypern/
Redirect 301 "/gallery/tags/Zypern/" https://reisishot.pictures/gallery/tags/zypern/
Redirect 301 "/ueber-mich/" https://reisishot.pictures/about-me/